{"vertices": [[-0.026032, 9.6e-05, 0.091849], [-0.026032, 0.117769, 0.091849], [-0.026032, 9.6e-05, -0.091849], [-0.026032, 0.117769, -0.091849], [0.026032, 9.6e-05, 0.091849], [0.026032, 0.117769, 0.091849], [0.026032, 9.6e-05, -0.091849], [0.026032, 0.117769, -0.091849], [0.025441, 0.067975, 0.023733]], "normals": [[-1.0, 0.0, 0.0], [0.0, 0.0, -1.0], [1.0, 0.0, 0.0], [0.0, 0.0, 1.0], [0.0, -1.0, 0.0], [0.0, 1.0, 0.0]], "texcoords": [[0.997942, 1.011121], [-0.003214, -0.010358], [0.997941, -0.010358], [0.785861, 1.009017], [0.563527, -0.004442], [0.785861, -0.004442], [1.001614, 1.018898], [-0.003815, -0.002814], [1.009784, 0.000906], [0.805007, 1.005987], [0.582673, -0.001831], [0.805007, -0.001831], [0.498638, 0.388071], [0.720972, 0.054738], [0.720972, 0.388071], [1.003461, 0.299417], [5.8e-05, 0.017701], [1.003461, 0.017701], [-0.003214, 1.011121], [0.563527, 1.009017], [-0.011984, 1.015177], [0.582673, 1.005987], [0.498638, 0.054738], [5.8e-05, 0.299417]], "faces": [[[2, 3, 1], [1, 1, 1], [1, 2, 3], "Material.001"], [[4, 7, 3], [2, 2, 2], [4, 5, 6], "Material.001"], [[8, 5, 7], [3, 3, 3], [7, 8, 9], "Material.001"], [[6, 1, 5], [4, 4, 4], [10, 11, 12], "Material.001"], [[7, 1, 3], [5, 5, 5], [13, 14, 15], "Material.001"], [[4, 6, 8], [6, 6, 6], [16, 17, 18], "Material.001"], [[2, 4, 3], [1, 1, 1], [1, 19, 2], "Material.001"], [[4, 8, 7], [2, 2, 2], [4, 20, 5], "Material.001"], [[8, 6, 5], [3, 3, 3], [7, 21, 8], "Material.001"], [[6, 2, 1], [4, 4, 4], [10, 22, 11], "Material.001"], [[7, 5, 1], [5, 5, 5], [13, 23, 14], "Material.001"], [[4, 2, 6], [6, 6, 6], [16, 24, 17], "Material.001"]], "pos": [0, 0, 0], "matFiles": [], "mtl": {"Material.001": {"texture_Kd": "FRONT.jpg"}}}